INSERT INTO images (level_id,score,url) VALUES

(1,7,"https://s-media-cache-ak0.pinimg.com/236x/4e/a3/2c/4ea32cec9df2359d49a926887e17b9dc.jpg"),
(1,4,"http://loomus.ee/wp-content/uploads/2014/09/Screen-shot-2013-04-14-at-15.53.011.png"),
(1,2,"http://www.cutenessoverflow.com/wp-content/uploads/2014/07/l-enough-arctic-foxes.jpg"),

(2,11,"http://www.cutestpaw.com/wp-content/uploads/2014/07/Fictional-Animals-004.jpg"),
(2,9,"http://41.media.tumblr.com/0116a7e9cda1bb588107b66c9b6f41a7/tumblr_n10lyiW9z71tr9xmwo1_1280.jpg"),
(2,7,"https://i.rmbl.ws/z1/K/8/M/e/a.daa-small-Fused-Animals.jpg"),
(2,5,"https://nefalcar.files.wordpress.com/2009/10/cheetah-hawk2.jpg?w=300&h=225"),

(3,20,"https://s-media-cache-ak0.pinimg.com/236x/66/df/14/66df14e70b2d9c29761070bfdc0e8e48.jpg"),
(3,10,"http://www.hdwallpapersact.com/wp-content/uploads/2013/09/baby-duck-hd-wallpapers1.jpg"),
(3,5,"https://img0.etsystatic.com/005/0/6220876/il_570xN.373873960_2exh.jpg"),

(4,12,"https://s-media-cache-ak0.pinimg.com/736x/a5/04/9c/a5049ceff33de56559d96aa533b98bea.jpg"),
(4,6,"http://i.imgur.com/qn5JiZ9.jpg"),

(5,8,"http://bloganimal.com.br/wp-content/uploads/2014/04/Conhe%C3%A7a-Marutaro-o-ouri%C3%A7o-mais-descolado-do-mundo-61.jpg?7a0f18"),
(5,5,"https://d1w116sruyx1mf.cloudfront.net/ee-assets/gsd/funnies/141218Hedgehog.jpg"),
(5,3,"https://s-media-cache-ak0.pinimg.com/564x/db/22/08/db2208f9403af15c21ef4d11a8d233a2.jpg"),

(6,7,"http://www.vetlocator.com/dailypaws/wp-content/uploads/2012/05/cute-pandas.jpg"),
(6,3,"https://s-media-cache-ak0.pinimg.com/236x/c2/26/2f/c2262fe2e60678fb14bc75673bd51338.jpg"),

(7,16,"https://metrouk2.files.wordpress.com/2015/04/animal-comp.png"),
(7,10,"http://cdn.emgn.com/wp-content/uploads/2014/01/b0l4U3Y.jpg"),
(7,5,"http://holdinholden.com/wp-content/uploads/2015/01/beaver.jpg"),

(8,7,"http://a2.files.blazepress.com/image/upload/c_fit,cs_srgb,dpr_1.0,q_80,w_620/MTI4OTg3OTQ1MjM0MzcxODU4.jpg"),
(8,3,"http://photos.mongabay.com/j/_Julie-Larsen-Maher-6346-Red-Panda-Biru-CPZ-08-05-11.568.jpg"),
(8,1,"http://media.mnn.com/assets/images/2013/06/sand-cat-kitten.jpg.560x0_q80_crop-smart.jpg"),

(9,25,"http://cdn2.list25.com/wp-content/uploads/2014/01/sharklegs.jpg"),
(9,15,"https://camicusdotorg.files.wordpress.com/2013/06/favim-com-7114.jpg"),
(9,10,"https://s-media-cache-ak0.pinimg.com/236x/42/96/d9/4296d9e402ad2888aad8e43e574b8942.jpg"),
(9,5,"http://www.worldfortravel.com/wp-content/uploads/2013/07/Cute-Dolphins-at-Dolphin-Reef.jpg");


INSERT INTO levels (id,name,background) VALUES

(1,"Arctic","http://i.imgur.com/5DcrWDh.jpg"),
(2,"Desert","http://i.imgur.com/TkRn8X0.jpg"),
(3,"Farm","http://i.imgur.com/sjd7zto.jpg"),
(4,"Forest","http://i.imgur.com/TbciNNE.jpg"),
(5,"House","http://i.imgur.com/R9s0YNa.jpg"),
(6,"Mountain","http://i.imgur.com/FQLOnRS.jpg"),
(7,"Random","http://i.imgur.com/rOjSNkm.jpg"),
(8,"Tropical","http://i.imgur.com/2GOesW5.jpg"),
(9,"Underwater","http://i.imgur.com/iibQ229.jpg");

INSERT INTO facts (level_id,a,q) VALUES


(1,1,"Polar bears are the largest carnivore that lives on animals"),
(1,0,"Polar bears mostly eat penguins"),
(1,0,"Polar bears move faster in water than on land"),
(1,1,"Female polar bears only weigh half as much as male polar bears"),
(1,0,"Polar bears spend most of their time on land"),
(1,1,"Polar bears have black skin under their white fur to better absorb the rays of the sun."),
(1,1,"Polar bears are known to eat their cubs"),
(1,1,"Reindeer eyeballs turn blue in winter to help them see at lower light levels."),
(1,1,"Polar bears are left-handed"),
(2,1,"The eyes of an ostrich is bigger than its brain"),
(2,1,"A donkey can see all four of its feet at the same time"),
(2,1,"If you lift a kangaroo’s tail off the ground it can’t hop – they use their tails for balance."),
(2,1,"The kick of an ostrich is used as a weapon and is capable of killing a lion — and yes, humans too."),
(2,1,"The largest bald eagle nest on record was 20 feet high and weighed two tons."),
(2,1,"Young goats pick up accents from each other."),
(2,0,"Goats know how to talk in both British and Scottish accents"),
(2,1,"There are over 210 breeds of goats in the world."),
(2,1,"Kangaroos can't walk backwards"),
(2,1,"Snakes can't wink"),
(2,0,"A group of porcupines is called a pickle"),
(3,1,"Goats and sheep have rectangular pupils which allow them to see nearly 360 degrees around themselves. "),
(3,1,"Owls don't have eyeballs. They have eye tubes."),
(3,1,"Chickens have over 200 distinct noises they can make for communicating."),
(3,1,"A duck's quack cannot echo"),
(3,0,"Cows can't walk up and down stairs"),
(3,1,"All domestic ducks are descended from either the mallard or the Muscovy duck."),
(3,1,"Mother pigs sing to their young while nursing"),
(3,1,"Cows worry about the future"),
(3,1,"There are over 9000 breeds of cows today"),
(3,0,"Cows have tunnel vision"),
(3,1,"A cow can recognize more than 100 members of its herd"),
(3,1,"Cows enjoy an intellectual challenge"),
(3,1,"Pigs don't sweat"),
(3,1,"Pigs can run a mile in seven miinutes "),
(3,1,"Pigs are smarter than dogs and a 3-year-old human"),
(3,0,"Pigs are very anti social and will try to avoid communicating with other pigs"),
(3,1,"Sheep have a split in their upper lip"),
(3,1,"Sheeps possess a sharp sense of individuality"),
(3,0,"Sheeps are emotionless"),
(3,1,"Hens start communicating with their chicks before they hatch"),
(3,0,"Turkeys dislike music"),
(3,1,"Cows have a memory of about three years."),
(3,1,"A chicken has flown before"),
(4,1,"Deers have no gall bladders"),
(4,1,"An adult panda typically spends 12 hours a day eating and must consume 28 pounds of bamboo daily to fulfill its dietary needs."),
(4,0,"Male koala’s have two vagina’s."),
(4,1,"Koalas are actually not bears — they’re marsupials — and they sleep for 18 hours a day."),
(4,0,"It is common for people to eat sashimi made from bear "),
(4,1,"The animal on the Firefox logo is not a fox, but a red panda."),
(4,1,"Squirrels can't burp or vomit."),
(4,0,"Snails can sleep for 5 years"),
(4,1,"Wombats have cube-shaped poop"),
(4,1,"A wolf can eat up to 20 pound of meat in one sitting "),
(4,1,"Anteaters eat 35,000 ants a day."),
(4,0,"A giraffe's tongue is white"),
(4,0,"Squirrels accidentally plant millions of trees by pooping the nuts they've eaten in random places"),
(4,1,"Giraffes can't cough"),
(4,0,"Giraffes sleep 10 hours a day"),
(5,0,"A mole can dig a tunnel 295 feet long in one hour"),
(5,1,"A hedgehog's heart beats an average of 300 times a minute"),
(5,0,"A housefly hums in the key of V."),
(5,1,"Bloodhounds can follow a scent that is three days old"),
(5,1,"Cats can hear ultrasound."),
(5,1,"A cat’s jaw cannot move sideways."),
(5,0,"Dogs, cats, and horses are resistant to black widow venom"),
(5,1,"It costs approximately $10,000 to train a federally certified search and rescue dog."),
(5,0,"Cats have their own internet full of pictures of humans"),
(5,0,"Cats never sleep more than 3 hours a day"),
(6,1,"Pandas fall asleep whenever they are sleepy and don't have a specific sleeping spot"),
(6,1,"Alpacas can die of loneliness"),
(6,1,"The goat is among the cleanest of animals,"),
(6,0,"There are over 200 breeds of alpacas"),
(6,1,"Aplacas communicate with others in their group by humming"),
(6,1,"Female goats are called nannies "),
(6,1,"There are only 2 breeds of alpacas"),
(7,0,"A grasshopper can leap 50 times the length of its own body."),
(7,1,"All lynx are skilled hunters that make use of great hearing when hunting "),
(7,1,"Cayotes are adaptale animals that will eat almost anything "),
(7,0,"Bobcats are known to hunt and eat adult deers "),
(7,1,"No two tigers have the exact same stripes."),
(7,1,"Giraffes can clean their ears with their tongues"),
(7,1,"Ants don't sleep"),
(7,1,"Tarantulas secrete digestive enzymes so they can liquefy their pray and drink up their remains. Yum!"),
(7,1,"Toads do not have teeth"),
(7,0,"Alligators cannot live up to 100 years."),
(7,1,"Slugs have four noses"),
(7,0,"Slugs have four eyes"),
(7,1,"The beaver alters the landscape more than any other animal except for humans"),
(7,1,"Hippos attract mates by urinating and defecating."),
(7,0,"The milk of a hippopotamus is light blue"),
(7,1,"A bat can eat up to 1,000 insects per hour."),
(7,1,"There is a butterfly in Africa with enough poison in its body to kill six cats!"),
(7,1,"Only 3 percent of mammals are socially monogomous "),
(8,0,"Elephants can smell predators from several miles away. "),
(8,1,"The king cobra has enough venom to kill an elephant. "),
(8,1,"Crocodiles can't stick their tongues out"),
(8,0,"Elephants can jump up to 2 feet"),
(8,1,"A chameleon’s tongue can be as long as its body."),
(8,0,"Most elephants weigh more than the tongue of a blue whale."),
(8,1,"African elephants have the longest pregnancy of any mammal — nearly two years long. "),
(9,1,"The blue whale’s tongue weighs as much as an adult elephant. "),
(9,1,"Oysters can change gender multiple times during their life. "),
(9,1,"Seahorses are also the only animal on earth where the male bears the unborn young. "),
(9,1,"The largest giant squid on record was 59 feet long, and the creature’s eyes are as big as beach balls. "),
(9,1,"Once a giant clam picks a spot to live on a reef, it does not move for the rest of its life."),
(9,1,"Sharks are immune to cancer "),
(9,0,"Alligators have been around for 150 million years. "),
(9,1,"Octopuses have three hearts."),
(9,1,"Wild dolphins call each other by name."),
(9,1,"Ducks have been domesticated as pets and farm animals for more than 500 years"),
(9,0,"There are more than 100 breeds of domestic duck."),
(9,1,"A sea lion is the first nonhuman mammal with a proven ability to keep a beat."),
(9,1,"Warmer weather causes more turtles to be born female than male."),
(9,1,"Dolphins sleep with one eye open"),
(9,1,"Sharks don't have bones"),
(9,0,"Starfish have 16 eyes – two at the end of each leg."),
(9,1,"Platypi swim with their eyes closed "),
(9,1,"Giant Pacific octopuses have no bones"),
(9,1,"Blue whales are the loudest mammals"),
(9,1,"Once a giant clam picks a spot to live on a reef, it does not move for the rest of its life. "),
(9,1,"Fish are the oldest living vertebrate "),
(9,1,"Fish eavesdrop on one another to get information"),
(9,1,"Fish use their mouths to make nests for their babies"),
(9,1,"Some fish are farmers"),
(9,1,"Fish tend algae gardens"),
(9,1,"A blue whale’s heart is the size of a small car."),
(9,1,"Starfish do not have brains"),
(9,1,"Fish can get seasick."),
(9,1,"A catfish’s skin is covered in over a quarter of a million taste buds.");